task_id,total_tokens,system_tokens,user_tokens,templated_text_length,system_content_length,user_content_length,num_train_examples,num_test_examples,total_grid_cells,dataset,split
007bbfb7,1593,26,1554,2859,129,2650,5,1,459,arc-agi-1,all_training
00d62c1b,5157,26,5118,6503,129,6294,5,1,1872,arc-agi-1,all_training
017c7c7b,805,26,766,1971,129,1762,3,1,153,arc-agi-1,all_training
025d127b,1619,26,1580,2745,129,2536,2,1,496,arc-agi-1,all_training
045e512c,7625,26,7586,8899,129,8690,3,1,3087,arc-agi-1,all_training
0520fde7,649,26,610,1779,129,1570,3,1,111,arc-agi-1,all_training
05269061,1225,26,1186,2387,129,2178,3,1,343,arc-agi-1,all_training
05f2a901,2231,26,2192,3427,129,3218,3,1,762,arc-agi-1,all_training
06df4c85,9121,26,9082,10411,129,10202,3,1,3592,arc-agi-1,all_training
08ed6ac7,1383,26,1344,2499,129,2290,2,1,405,arc-agi-1,all_training
09629e4f,2963,26,2924,4223,129,4014,4,1,1089,arc-agi-1,all_training
0962bcdd,2169,26,2130,3303,129,3094,2,1,720,arc-agi-1,all_training
0a938d79,4967,26,4928,6265,129,6056,4,1,1899,arc-agi-1,all_training
0b148d64,3728,26,3689,4939,129,4730,3,1,1578,arc-agi-1,all_training
0ca9ddb6,1753,26,1714,2931,129,2722,3,1,567,arc-agi-1,all_training
0d3d703e,623,26,584,1803,129,1594,4,1,81,arc-agi-1,all_training
0dfd9992,7625,26,7586,8899,129,8690,3,1,3087,arc-agi-1,all_training
0e206a2e,5105,26,5066,6347,129,6138,3,1,1828,arc-agi-1,all_training
10fcaaa3,1286,26,1247,2496,129,2287,4,1,285,arc-agi-1,all_training
11852cab,2081,26,2042,3267,129,3058,3,1,700,arc-agi-1,all_training
1190e5a7,3720,26,3681,4917,129,4708,3,1,1603,arc-agi-1,all_training
137eaa0f,1489,26,1450,2651,129,2442,3,1,511,arc-agi-1,all_training
150deff5,1813,26,1774,2985,129,2776,3,1,590,arc-agi-1,all_training
178fcbfb,2089,26,2050,3277,129,3068,3,1,674,arc-agi-1,all_training
1a07d186,5679,26,5640,6919,129,6710,3,1,2078,arc-agi-1,all_training
1b2d62fb,1101,26,1062,2355,129,2146,5,1,285,arc-agi-1,all_training
1b60fb0c,2081,26,2042,3267,129,3058,3,1,700,arc-agi-1,all_training
1bfc4729,1629,26,1590,2751,129,2542,2,1,500,arc-agi-1,all_training
1c786137,3459,26,3420,4662,129,4453,3,1,1412,arc-agi-1,all_training
1caeab9d,1657,26,1618,2823,129,2614,3,1,500,arc-agi-1,all_training
1cf80156,1674,26,1635,2841,129,2632,3,1,586,arc-agi-1,all_training
1e0a9b12,833,26,794,1979,129,1770,3,1,179,arc-agi-1,all_training
1e32b0e9,5161,26,5122,6403,129,6194,3,1,2023,arc-agi-1,all_training
1f0c79e5,2123,26,2084,3363,129,3154,4,1,729,arc-agi-1,all_training
1f642eb9,2081,26,2042,3267,129,3058,3,1,700,arc-agi-1,all_training
1f85a75f,5945,26,5906,7109,129,6900,2,1,2724,arc-agi-1,all_training
1f876c06,2081,26,2042,3267,129,3058,3,1,700,arc-agi-1,all_training
1fad071e,1113,26,1074,2259,129,2050,3,1,339,arc-agi-1,all_training
2013d3e2,1056,26,1017,2157,129,1948,2,1,318,arc-agi-1,all_training
2204b7a8,2081,26,2042,3267,129,3058,3,1,700,arc-agi-1,all_training
22168020,2081,26,2042,3267,129,3058,3,1,700,arc-agi-1,all_training
22233c11,2081,26,2042,3267,129,3058,3,1,700,arc-agi-1,all_training
2281f1f4,2081,26,2042,3267,129,3058,3,1,700,arc-agi-1,all_training
228f6490,2081,26,2042,3267,129,3058,3,1,700,arc-agi-1,all_training
22eb0ac0,2081,26,2042,3267,129,3058,3,1,700,arc-agi-1,all_training
234bbc79,1011,26,972,2191,129,1982,4,1,258,arc-agi-1,all_training
23581191,1383,26,1344,2499,129,2290,2,1,405,arc-agi-1,all_training
239be575,1210,26,1171,2565,129,2356,6,2,324,arc-agi-1,all_training
23b5c85d,3528,26,3489,4827,129,4618,5,1,1476,arc-agi-1,all_training
253bf280,3721,26,3682,5201,129,4992,8,1,1356,arc-agi-1,all_training
25d487eb,3107,26,3068,4319,129,4110,3,1,1124,arc-agi-1,all_training
25d8a9c8,623,26,584,1803,129,1594,4,1,81,arc-agi-1,all_training
25ff71a9,696,26,657,1941,129,1732,4,2,90,arc-agi-1,all_training
264363fd,15041,26,15002,16387,129,16178,3,1,6300,arc-agi-1,all_training
272f95fa,3523,26,3484,4679,129,4470,2,1,1275,arc-agi-1,all_training
27a28665,799,26,760,2239,129,2030,7,3,97,arc-agi-1,all_training
28bf18c6,1085,26,1046,2235,129,2026,3,1,310,arc-agi-1,all_training
28e73c20,4269,26,4230,5603,129,5394,5,1,1512,arc-agi-1,all_training
29623171,2425,26,2386,3619,129,3410,3,1,847,arc-agi-1,all_training
29c11459,1053,26,1014,2145,129,1936,2,1,275,arc-agi-1,all_training
29ec7d0e,7093,26,7054,8423,129,8214,4,1,2916,arc-agi-1,all_training
2bcee788,2533,26,2494,3783,129,3574,4,1,900,arc-agi-1,all_training
2bee17df,2833,26,2794,4035,129,3826,3,1,972,arc-agi-1,all_training
2c608aff,4751,26,4712,6033,129,5824,4,1,1695,arc-agi-1,all_training
2dc579da,1317,26,1278,2475,129,2266,3,1,402,arc-agi-1,all_training
2dd70a9a,4093,26,4054,5315,129,5106,3,1,1619,arc-agi-1,all_training
2dee498d,847,26,808,1981,129,1772,3,1,191,arc-agi-1,all_training
31aa019c,2081,26,2042,3267,129,3058,3,1,700,arc-agi-1,all_training
321b1fc6,1629,26,1590,2751,129,2542,2,1,500,arc-agi-1,all_training
32597951,5161,26,5122,6403,129,6194,3,1,2023,arc-agi-1,all_training
3345333e,3537,26,3498,4695,129,4486,2,1,1280,arc-agi-1,all_training
3428a4f5,1704,26,1665,3027,129,2818,4,2,510,arc-agi-1,all_training
3618c87e,825,26,786,1971,129,1762,3,1,175,arc-agi-1,all_training
3631a71a,18733,26,18694,20183,129,19974,4,1,8100,arc-agi-1,all_training
363442ee,2337,26,2298,3515,129,3306,3,1,819,arc-agi-1,all_training
36d67576,3375,26,3336,4587,129,4378,3,1,1224,arc-agi-1,all_training
36fdfd69,4777,26,4738,6011,129,5802,3,1,1818,arc-agi-1,all_training
3906de3d,2081,26,2042,3267,129,3058,3,1,700,arc-agi-1,all_training
39a8645d,2101,26,2062,3275,129,3066,3,1,811,arc-agi-1,all_training
39e1d7f9,12115,26,12076,13435,129,13226,3,1,4909,arc-agi-1,all_training
3aa6fb7a,987,26,948,2091,129,1882,2,1,245,arc-agi-1,all_training
3ac3eb23,1093,26,1054,2191,129,1982,2,1,276,arc-agi-1,all_training
3af2c5a8,901,26,862,2043,129,1834,3,1,192,arc-agi-1,all_training
3bd67248,1995,26,1956,3171,129,2962,3,1,666,arc-agi-1,all_training
3bdb4ada,2899,26,2860,4015,129,3806,2,1,1020,arc-agi-1,all_training
3befdf3e,2261,26,2222,3451,129,3242,3,1,744,arc-agi-1,all_training
3c9b0459,623,26,584,1803,129,1594,4,1,81,arc-agi-1,all_training
3de23699,2574,26,2535,3807,129,3598,4,1,955,arc-agi-1,all_training
3e980e27,3943,26,3904,5223,129,5014,4,1,1521,arc-agi-1,all_training
3eda0437,2001,26,1962,3185,129,2976,4,1,676,arc-agi-1,all_training
3f7978a0,1730,26,1691,2905,129,2696,3,1,595,arc-agi-1,all_training
40853293,5309,26,5270,6511,129,6302,2,1,2000,arc-agi-1,all_training
4093f84a,3649,26,3610,4867,129,4658,3,1,1372,arc-agi-1,all_training
41e4d17e,3159,26,3120,4311,129,4102,2,1,1125,arc-agi-1,all_training
4258a5f9,1383,26,1344,2499,129,2290,2,1,405,arc-agi-1,all_training
4290ef0e,3641,26,3602,4851,129,4642,3,1,1449,arc-agi-1,all_training
42a50994,4545,26,4506,5841,129,5632,4,1,1746,arc-agi-1,all_training
4347f46a,3701,26,3662,4915,129,4706,3,1,1275,arc-agi-1,all_training
444801d8,2081,26,2042,3267,129,3058,3,1,700,arc-agi-1,all_training
445eab21,1273,26,1234,2427,129,2218,3,1,412,arc-agi-1,all_training
447fd412,3963,26,3924,5187,129,4978,3,1,1365,arc-agi-1,all_training
44d8ac46,3433,26,3394,4703,129,4494,4,1,1296,arc-agi-1,all_training
44f52bb0,692,26,653,2021,129,1812,6,2,78,arc-agi-1,all_training
4522001f,933,26,894,2031,129,1822,2,1,189,arc-agi-1,all_training
4612dd53,2883,26,2844,4081,129,3872,3,1,1027,arc-agi-1,all_training
46442a0e,728,26,689,1867,129,1658,3,1,119,arc-agi-1,all_training
469497ad,3383,26,3344,4579,129,4370,3,1,825,arc-agi-1,all_training
46f33fce,4521,26,4482,5747,129,5538,3,1,1600,arc-agi-1,all_training
47c1f68c,1997,26,1958,3179,129,2970,3,1,620,arc-agi-1,all_training
484b58aa,14089,26,14050,15427,129,15218,3,1,5887,arc-agi-1,all_training
48d8fb45,1317,26,1278,2475,129,2266,3,1,427,arc-agi-1,all_training
4938f0c2,5001,26,4962,6227,129,6018,3,1,1988,arc-agi-1,all_training
496994bd,983,26,944,2105,129,1896,2,1,220,arc-agi-1,all_training
49d1d64f,625,26,586,1759,129,1550,3,1,86,arc-agi-1,all_training
4be741c5,1639,26,1600,2802,129,2593,3,1,592,arc-agi-1,all_training
4c4377d9,818,26,779,2013,129,1804,4,1,156,arc-agi-1,all_training
4c5c2cf0,3555,26,3516,4771,129,4562,3,1,1297,arc-agi-1,all_training
50846271,7537,26,7498,8863,129,8654,4,1,3046,arc-agi-1,all_training
508bd3b6,2801,26,2762,4003,129,3794,3,1,1008,arc-agi-1,all_training
50cb2852,3163,26,3124,4371,129,4162,3,1,1148,arc-agi-1,all_training
5117e062,1881,26,1842,3051,129,2842,3,1,703,arc-agi-1,all_training
5168d44c,1859,26,1820,3033,129,2824,3,1,581,arc-agi-1,all_training
539a4f51,1453,26,1414,2619,129,2410,3,1,400,arc-agi-1,all_training
53b68214,2153,26,2114,3400,129,3191,3,2,620,arc-agi-1,all_training
543a7ed5,3159,26,3120,4311,129,4102,2,1,1125,arc-agi-1,all_training
54d82841,1241,26,1202,2397,129,2188,3,1,325,arc-agi-1,all_training
54d9e175,1481,26,1442,2677,129,2468,4,1,429,arc-agi-1,all_training
5521c0d9,4121,26,4082,5347,129,5138,3,1,1575,arc-agi-1,all_training
5582e5ca,553,26,514,1683,129,1474,3,1,63,arc-agi-1,all_training
5614dbcf,933,26,894,2031,129,1822,2,1,261,arc-agi-1,all_training
56dc2b01,1701,26,1662,2891,129,2682,3,1,540,arc-agi-1,all_training
56ff96f3,2083,26,2044,3317,129,3108,4,1,716,arc-agi-1,all_training
57aa92db,7103,26,7064,8419,129,8210,4,1,2682,arc-agi-1,all_training
5ad4f10b,4785,26,4746,5991,129,5782,3,1,2137,arc-agi-1,all_training
5bd6f4ac,1373,26,1334,2583,129,2374,4,1,441,arc-agi-1,all_training
5c0a986e,2081,26,2042,3267,129,3058,3,1,700,arc-agi-1,all_training
5c2c9af4,10079,26,10040,11379,129,11170,3,1,3958,arc-agi-1,all_training
5daaa586,3494,26,3455,4705,129,4496,3,1,1376,arc-agi-1,all_training
60b61512,1383,26,1344,2499,129,2290,2,1,405,arc-agi-1,all_training
6150a2bd,483,26,444,1563,129,1354,2,1,45,arc-agi-1,all_training
623ea044,3657,26,3618,4871,129,4662,3,1,1287,arc-agi-1,all_training
62c24649,781,26,742,1923,129,1714,3,1,144,arc-agi-1,all_training
63613498,2081,26,2042,3267,129,3058,3,1,700,arc-agi-1,all_training
6430c8c4,998,26,959,2213,129,2004,4,1,244,arc-agi-1,all_training
6455b5f5,4573,26,4534,5859,129,5650,4,1,1794,arc-agi-1,all_training
662c240a,833,26,794,2043,129,1834,4,1,171,arc-agi-1,all_training
67385a82,871,26,832,2063,129,1854,4,1,183,arc-agi-1,all_training
673ef223,3775,26,3736,5041,129,4832,3,1,1356,arc-agi-1,all_training
6773b310,1793,26,1754,3013,129,2804,4,1,641,arc-agi-1,all_training
67a3c6ac,865,26,826,2011,129,1802,3,1,211,arc-agi-1,all_training
67a423a3,1489,26,1450,2655,129,2446,3,1,376,arc-agi-1,all_training
67e8384a,908,26,869,2103,129,1894,4,1,189,arc-agi-1,all_training
681b3aeb,1317,26,1278,2475,129,2266,3,1,427,arc-agi-1,all_training
6855a6e4,4121,26,4082,5347,129,5138,3,1,1575,arc-agi-1,all_training
68b16354,1025,26,986,2179,129,1970,3,1,247,arc-agi-1,all_training
694f12f3,1629,26,1590,2751,129,2542,2,1,500,arc-agi-1,all_training
6a1e5592,2229,26,2190,3351,129,3142,2,1,750,arc-agi-1,all_training
6aa20dc0,7551,26,7512,8823,129,8614,3,1,3008,arc-agi-1,all_training
6b9890af,5177,26,5138,6403,129,6194,3,1,2134,arc-agi-1,all_training
6c434453,1629,26,1590,2751,129,2542,2,1,500,arc-agi-1,all_training
6cdd2623,4755,26,4716,5971,129,5762,3,1,1818,arc-agi-1,all_training
6cf79266,6961,26,6922,8227,129,8018,3,1,2800,arc-agi-1,all_training
6d0160f0,2963,26,2924,4223,129,4014,4,1,1089,arc-agi-1,all_training
6d0aefbc,713,26,674,1893,129,1684,4,1,117,arc-agi-1,all_training
6d58a25d,6961,26,6922,8227,129,8018,3,1,2800,arc-agi-1,all_training
6d75e8bb,1937,26,1898,3121,129,2912,3,1,635,arc-agi-1,all_training
6e02f1e3,693,26,654,1923,129,1714,5,1,99,arc-agi-1,all_training
6e19193c,1629,26,1590,2751,129,2542,2,1,500,arc-agi-1,all_training
6e82a1ae,2081,26,2042,3267,129,3058,3,1,700,arc-agi-1,all_training
6ecd11f4,5064,26,5025,6281,129,6072,3,1,2264,arc-agi-1,all_training
6f8cd79b,913,26,874,2111,129,1902,4,1,184,arc-agi-1,all_training
6fa7a44f,728,26,689,1923,129,1714,4,1,117,arc-agi-1,all_training
72322fa7,4795,26,4756,6019,129,5810,3,1,1777,arc-agi-1,all_training
72ca375d,1306,26,1267,2461,129,2252,3,1,420,arc-agi-1,all_training
73251a56,7625,26,7586,8899,129,8690,3,1,3087,arc-agi-1,all_training
7447852a,1233,26,1194,2363,129,2154,3,1,333,arc-agi-1,all_training
7468f01a,2513,26,2474,3693,129,3484,3,1,967,arc-agi-1,all_training
746b3537,723,26,684,1953,129,1744,5,1,118,arc-agi-1,all_training
74dd1130,623,26,584,1803,129,1594,4,1,81,arc-agi-1,all_training
75b8110e,1473,26,1434,2739,129,2530,5,1,464,arc-agi-1,all_training
760b3cac,1297,26,1258,2451,129,2242,3,1,378,arc-agi-1,all_training
776ffc46,8633,26,8594,9983,129,9774,4,1,3600,arc-agi-1,all_training
77fdfe62,1107,26,1068,2261,129,2052,3,1,300,arc-agi-1,all_training
780d0b14,4199,26,4160,5399,129,5190,3,1,1847,arc-agi-1,all_training
7837ac64,8631,26,8592,9937,129,9728,4,1,4017,arc-agi-1,all_training
794b24be,1118,26,1079,2663,129,2454,10,2,198,arc-agi-1,all_training
7b6016b9,9115,26,9076,10403,129,10194,3,1,3716,arc-agi-1,all_training
7b7f7511,678,26,639,1819,129,1610,3,1,117,arc-agi-1,all_training
7c008303,1381,26,1342,2547,129,2338,3,1,432,arc-agi-1,all_training
7ddcd7ec,2081,26,2042,3267,129,3058,3,1,700,arc-agi-1,all_training
7df24a62,11243,26,11204,12623,129,12414,4,1,4761,arc-agi-1,all_training
7e0986d6,2821,26,2782,3959,129,3750,2,1,984,arc-agi-1,all_training
7f4411dc,2919,26,2880,4119,129,3910,3,1,1114,arc-agi-1,all_training
7fe24cdd,781,26,742,1923,129,1714,3,1,144,arc-agi-1,all_training
80af3007,3516,26,3477,4723,129,4514,3,1,1430,arc-agi-1,all_training
810b9b61,3199,26,3160,4407,129,4198,3,1,1206,arc-agi-1,all_training
82819916,2303,26,2264,3557,129,3348,4,1,748,arc-agi-1,all_training
83302e8f,10627,26,10588,11931,129,11722,3,1,4285,arc-agi-1,all_training
834ec97d,1483,26,1444,2647,129,2438,3,1,374,arc-agi-1,all_training
8403a5d5,2081,26,2042,3267,129,3058,3,1,700,arc-agi-1,all_training
846bdb03,2618,26,2579,3861,129,3652,4,1,1003,arc-agi-1,all_training
855e0971,5087,26,5048,6383,129,6174,4,1,1999,arc-agi-1,all_training
85c4e7cd,2685,26,2646,3935,129,3726,4,1,884,arc-agi-1,all_training
868de0fa,6021,26,5982,7387,129,7178,5,1,2292,arc-agi-1,all_training
8731374e,4241,26,4202,5459,129,5250,3,1,1787,arc-agi-1,all_training
88a10436,1773,26,1734,2953,129,2744,3,1,544,arc-agi-1,all_training
88a62173,645,26,606,1779,129,1570,3,1,112,arc-agi-1,all_training
890034e9,7625,26,7586,8899,129,8690,3,1,3087,arc-agi-1,all_training
8a004b2b,4054,26,4015,5270,129,5061,3,1,1521,arc-agi-1,all_training
8be77c9e,637,26,598,1779,129,1570,3,1,90,arc-agi-1,all_training
8d5021e8,769,26,730,1923,129,1714,3,1,132,arc-agi-1,all_training
8d510a79,1629,26,1590,2751,129,2542,2,1,500,arc-agi-1,all_training
8e1813be,2484,26,2445,3671,129,3462,3,1,956,arc-agi-1,all_training
8e5a5113,945,26,906,2075,129,1866,3,1,231,arc-agi-1,all_training
8eb1be9a,2795,26,2756,3935,129,3726,2,1,992,arc-agi-1,all_training
8efcae92,4275,26,4236,5489,129,5280,3,1,1796,arc-agi-1,all_training
8f2ea7aa,1753,26,1714,2931,129,2722,3,1,567,arc-agi-1,all_training
90c28cc7,4072,26,4033,5273,129,5064,3,1,1783,arc-agi-1,all_training
90f3ed37,2921,26,2882,4147,129,3938,3,1,1050,arc-agi-1,all_training
913fb3ed,3449,26,3410,4711,129,4502,4,1,1200,arc-agi-1,all_training
91413438,3031,26,2992,4271,129,4062,4,1,819,arc-agi-1,all_training
91714a58,4625,26,4586,5859,129,5650,3,1,1792,arc-agi-1,all_training
9172f3a0,933,26,894,2031,129,1822,2,1,189,arc-agi-1,all_training
928ad970,3659,26,3620,4879,129,4670,3,1,1347,arc-agi-1,all_training
93b581b8,1009,26,970,2163,129,1954,3,1,252,arc-agi-1,all_training
941d9a10,2081,26,2042,3267,129,3058,3,1,700,arc-agi-1,all_training
94f9d214,953,26,914,2163,129,1954,4,1,224,arc-agi-1,all_training
952a094c,2081,26,2042,3267,129,3058,3,1,700,arc-agi-1,all_training
9565186b,623,26,584,1803,129,1594,4,1,81,arc-agi-1,all_training
95990924,3101,26,3062,4307,129,4098,3,1,1075,arc-agi-1,all_training
963e52fc,1329,26,1290,2475,129,2266,3,1,360,arc-agi-1,all_training
97999447,1775,26,1736,2953,129,2744,3,1,584,arc-agi-1,all_training
97a05b5b,3570,26,3531,4797,129,4588,3,1,1431,arc-agi-1,all_training
98cf29f8,4359,26,4320,5579,129,5370,3,1,1718,arc-agi-1,all_training
995c5fa3,1103,26,1064,2288,129,2079,4,1,316,arc-agi-1,all_training
99b1bc43,998,26,959,2213,129,2004,4,1,244,arc-agi-1,all_training
99fa7670,1159,26,1120,2367,129,2158,4,1,288,arc-agi-1,all_training
9aec4887,2659,26,2620,3849,129,3640,3,1,1042,arc-agi-1,all_training
9af7a82c,795,26,756,1991,129,1782,4,1,138,arc-agi-1,all_training
9d9215db,6329,26,6290,7587,129,7378,3,1,2527,arc-agi-1,all_training
9dfd6313,765,26,726,1907,129,1698,3,1,136,arc-agi-1,all_training
9ecd008a,2589,26,2550,3771,129,3562,3,1,1051,arc-agi-1,all_training
9edfc990,4145,26,4106,5371,129,5162,3,1,1556,arc-agi-1,all_training
9f236235,3338,26,3299,4531,129,4322,3,1,1413,arc-agi-1,all_training
a1570a43,1993,26,1954,3231,129,3022,4,1,664,arc-agi-1,all_training
a2fd1cf0,3383,26,3344,4587,129,4378,3,1,1274,arc-agi-1,all_training
a3325580,2121,26,2082,3461,129,3252,6,1,756,arc-agi-1,all_training
a3df8b1e,1033,26,994,2219,129,2010,3,1,230,arc-agi-1,all_training
a416b8f3,759,26,720,1897,129,1688,3,1,131,arc-agi-1,all_training
a48eeaf7,1629,26,1590,2751,129,2542,2,1,500,arc-agi-1,all_training
a5313dff,1875,26,1836,3055,129,2846,3,1,625,arc-agi-1,all_training
a5f85a15,1459,26,1420,2623,129,2414,3,1,362,arc-agi-1,all_training
a61ba2ce,1524,26,1485,2637,129,2428,2,1,539,arc-agi-1,all_training
a61f2674,1383,26,1344,2499,129,2290,2,1,405,arc-agi-1,all_training
a64e4611,15041,26,15002,16387,129,16178,3,1,6300,arc-agi-1,all_training
a65b410d,1507,26,1468,2675,129,2466,3,1,449,arc-agi-1,all_training
a68b268e,1918,26,1879,3247,129,3038,6,1,663,arc-agi-1,all_training
a699fb00,1767,26,1728,2943,129,2734,3,1,550,arc-agi-1,all_training
a740d043,794,26,755,1935,129,1726,3,1,183,arc-agi-1,all_training
a78176bb,2081,26,2042,3267,129,3058,3,1,700,arc-agi-1,all_training
a79310a0,757,26,718,1899,129,1690,3,1,143,arc-agi-1,all_training
a85d4709,623,26,584,1803,129,1594,4,1,81,arc-agi-1,all_training
a87f7484,942,26,903,2149,129,1940,4,1,225,arc-agi-1,all_training
a8c38be5,2242,26,2203,3377,129,3168,2,1,822,arc-agi-1,all_training
a8d7556c,5729,26,5690,6979,129,6770,3,1,2268,arc-agi-1,all_training
a9f96cdd,743,26,704,1923,129,1714,4,1,135,arc-agi-1,all_training
aabf363d,987,26,948,2091,129,1882,2,1,245,arc-agi-1,all_training
aba27056,1517,26,1478,2687,129,2478,3,1,432,arc-agi-1,all_training
ac0a08a4,1487,26,1448,2647,129,2438,3,1,378,arc-agi-1,all_training
ae3edfdc,4121,26,4082,5347,129,5138,3,1,1575,arc-agi-1,all_training
ae4f1146,1373,26,1334,2583,129,2374,4,1,441,arc-agi-1,all_training
aedd82e4,749,26,710,1939,129,1730,4,1,128,arc-agi-1,all_training
af902bf9,2081,26,2042,3267,129,3058,3,1,700,arc-agi-1,all_training
b0c4d837,1548,26,1509,2861,129,2652,6,1,493,arc-agi-1,all_training
b190f7f5,2005,26,1966,3179,129,2970,3,1,518,arc-agi-1,all_training
b1948b0a,697,26,658,1835,129,1626,3,1,124,arc-agi-1,all_training
b230c067,2081,26,2042,3267,129,3058,3,1,700,arc-agi-1,all_training
b27ca6d3,3591,26,3552,4747,129,4538,2,1,1292,arc-agi-1,all_training
b2862040,3905,26,3866,5181,129,4972,4,1,1434,arc-agi-1,all_training
b527c5c6,7413,26,7374,8743,129,8534,4,1,3000,arc-agi-1,all_training
b548a754,2765,26,2726,3967,129,3758,3,1,965,arc-agi-1,all_training
b60334d2,1383,26,1344,2499,129,2290,2,1,405,arc-agi-1,all_training
b6afb2da,1629,26,1590,2751,129,2542,2,1,500,arc-agi-1,all_training
b7249182,2989,26,2950,4201,129,3992,3,1,1071,arc-agi-1,all_training
b775ac94,8865,26,8826,10147,129,9938,3,1,3568,arc-agi-1,all_training
b782dc8a,3131,26,3092,4271,129,4062,2,1,1117,arc-agi-1,all_training
b8825c91,5713,26,5674,7023,129,6814,4,1,2304,arc-agi-1,all_training
b8cdaf2b,1227,26,1188,2435,129,2226,4,1,297,arc-agi-1,all_training
b91ae062,1669,26,1630,2935,129,2726,5,1,432,arc-agi-1,all_training
b94a9452,1885,26,1846,3059,129,2850,3,1,676,arc-agi-1,all_training
b9b7f026,2329,26,2290,3499,129,3290,3,1,935,arc-agi-1,all_training
ba26e723,1401,26,1362,2631,129,2422,5,1,405,arc-agi-1,all_training
ba97ae07,2121,26,2082,3365,129,3156,4,1,738,arc-agi-1,all_training
bb43febb,1629,26,1590,2751,129,2542,2,1,500,arc-agi-1,all_training
bbc9ae5d,987,26,948,2211,129,2002,5,1,184,arc-agi-1,all_training
bc1d5164,1017,26,978,2259,129,2050,5,1,255,arc-agi-1,all_training
bd4472b8,1005,26,966,2183,129,1974,3,1,212,arc-agi-1,all_training
bda2d7a6,1428,26,1389,2661,129,2452,3,2,372,arc-agi-1,all_training
bdad9b1f,825,26,786,1923,129,1714,2,1,180,arc-agi-1,all_training
be94b721,1272,26,1233,2474,129,2265,4,1,390,arc-agi-1,all_training
beb8660c,1231,26,1192,2399,129,2190,3,1,302,arc-agi-1,all_training
c0f76784,2801,26,2762,4003,129,3794,3,1,1008,arc-agi-1,all_training
c1d99e64,5841,26,5802,7083,129,6874,3,1,1977,arc-agi-1,all_training
c3e719e8,1153,26,1114,2307,129,2098,3,1,279,arc-agi-1,all_training
c3f564a4,4625,26,4586,5859,129,5650,3,1,1792,arc-agi-1,all_training
c444b776,4813,26,4774,5989,129,5780,2,1,1615,arc-agi-1,all_training
c59eb873,969,26,930,2117,129,1908,3,1,170,arc-agi-1,all_training
c8cbb738,2124,26,2085,3302,129,3093,3,1,781,arc-agi-1,all_training
c8f0f002,649,26,610,1779,129,1570,3,1,105,arc-agi-1,all_training
c909285e,6112,26,6073,7347,129,7138,3,1,2759,arc-agi-1,all_training
c9e6f938,625,26,586,1755,129,1546,3,1,90,arc-agi-1,all_training
c9f8e694,2169,26,2130,3303,129,3094,2,1,720,arc-agi-1,all_training
caa06a1f,2659,26,2620,3851,129,3642,3,1,766,arc-agi-1,all_training
cbded52d,1473,26,1434,2643,129,2434,3,1,448,arc-agi-1,all_training
cce03e0d,1153,26,1114,2307,129,2098,3,1,279,arc-agi-1,all_training
cdecee7f,1317,26,1278,2475,129,2266,3,1,427,arc-agi-1,all_training
ce22a75a,1383,26,1344,2499,129,2290,2,1,405,arc-agi-1,all_training
ce4f8723,998,26,959,2213,129,2004,4,1,244,arc-agi-1,all_training
ce602527,3726,26,3687,4985,129,4776,4,1,1585,arc-agi-1,all_training
ce9e57f2,1717,26,1678,2893,129,2684,3,1,531,arc-agi-1,all_training
cf98881b,1359,26,1320,2601,129,2392,5,1,416,arc-agi-1,all_training
d037b0a7,553,26,514,1683,129,1474,3,1,63,arc-agi-1,all_training
d06dbe63,2475,26,2436,3615,129,3406,2,1,845,arc-agi-1,all_training
d07ae81c,4303,26,4264,5535,129,5326,3,1,1565,arc-agi-1,all_training
d0f5fe59,1725,26,1686,2896,129,2687,3,1,609,arc-agi-1,all_training
d10ecb37,864,26,825,2008,129,1799,3,1,216,arc-agi-1,all_training
d13f3404,781,26,742,1923,129,1714,3,1,144,arc-agi-1,all_training
d22278a0,3551,26,3512,4819,129,4610,4,1,1213,arc-agi-1,all_training
d23f8c26,857,26,818,2003,129,1794,3,1,167,arc-agi-1,all_training
d2abd087,2081,26,2042,3267,129,3058,3,1,700,arc-agi-1,all_training
d364b489,1629,26,1590,2751,129,2542,2,1,500,arc-agi-1,all_training
d406998b,1245,26,1206,2425,129,2216,4,1,345,arc-agi-1,all_training
d43fd935,2081,26,2042,3267,129,3058,3,1,700,arc-agi-1,all_training
d4469b4b,1212,26,1173,2625,129,2416,7,2,288,arc-agi-1,all_training
d4a91cb9,2467,26,2428,3657,129,3448,3,1,836,arc-agi-1,all_training
d4f3cd78,1629,26,1590,2751,129,2542,2,1,500,arc-agi-1,all_training
d511f180,651,26,612,1787,129,1578,3,1,102,arc-agi-1,all_training
d5d6de2d,5176,26,5137,6481,129,6272,3,2,1575,arc-agi-1,all_training
d631b094,553,26,514,1723,129,1514,4,1,55,arc-agi-1,all_training
d687bc17,3245,26,3206,4451,129,4242,3,1,1134,arc-agi-1,all_training
d6ad076f,2081,26,2042,3267,129,3058,3,1,700,arc-agi-1,all_training
d89b689b,2081,26,2042,3267,129,3058,3,1,700,arc-agi-1,all_training
d8c310e9,1633,26,1594,2779,129,2570,3,1,525,arc-agi-1,all_training
d90796e8,1085,26,1046,2239,129,2030,3,1,263,arc-agi-1,all_training
d9f24cd1,1629,26,1590,2751,129,2542,2,1,500,arc-agi-1,all_training
d9fac9be,1445,26,1406,2646,129,2437,4,1,487,arc-agi-1,all_training
dae9d2b5,892,26,853,2187,129,1978,5,2,171,arc-agi-1,all_training
db3e9e38,1087,26,1048,2191,129,1982,2,1,263,arc-agi-1,all_training
db93a21d,8723,26,8684,10063,129,9854,4,1,3150,arc-agi-1,all_training
dbc1a6ce,3805,26,3766,5073,129,4864,4,1,1231,arc-agi-1,all_training
dc0a314f,2725,26,2686,3915,129,3706,3,1,1099,arc-agi-1,all_training
dc1df850,1279,26,1240,2439,129,2230,3,1,318,arc-agi-1,all_training
dc433765,2488,26,2449,3945,129,3736,7,2,786,arc-agi-1,all_training
ddf7fa4f,2081,26,2042,3267,129,3058,3,1,700,arc-agi-1,all_training
de1cd16c,3279,26,3240,4517,129,4308,4,1,1383,arc-agi-1,all_training
ded97339,2081,26,2042,3267,129,3058,3,1,700,arc-agi-1,all_training
e179c5f4,1033,26,994,2219,129,2010,3,1,230,arc-agi-1,all_training
e21d9049,3431,26,3392,4587,129,4378,2,1,1084,arc-agi-1,all_training
e26a3af2,3865,26,3826,5083,129,4874,3,1,1451,arc-agi-1,all_training
e3497940,1513,26,1474,2699,129,2490,3,1,480,arc-agi-1,all_training
e40b9e2f,2081,26,2042,3267,129,3058,3,1,700,arc-agi-1,all_training
e48d4e1a,2533,26,2494,3783,129,3574,4,1,900,arc-agi-1,all_training
e5062a87,2081,26,2042,3267,129,3058,3,1,700,arc-agi-1,all_training
e509e548,4119,26,4080,5339,129,5130,3,1,1578,arc-agi-1,all_training
e50d258f,1395,26,1356,2561,129,2352,3,1,453,arc-agi-1,all_training
e6721834,4057,26,4018,5286,129,5077,3,1,1623,arc-agi-1,all_training
e73095fd,4429,26,4390,5647,129,5438,3,1,1670,arc-agi-1,all_training
e76a88a6,1629,26,1590,2751,129,2542,2,1,500,arc-agi-1,all_training
e8593010,2081,26,2042,3267,129,3058,3,1,700,arc-agi-1,all_training
e8dc4411,3883,26,3844,5099,129,4890,3,1,1398,arc-agi-1,all_training
e9614598,2102,26,2063,3307,129,3098,2,2,604,arc-agi-1,all_training
e98196ab,1869,26,1830,3039,129,2830,3,1,649,arc-agi-1,all_training
e9afcf9a,513,26,474,1587,129,1378,2,1,60,arc-agi-1,all_training
ea32f347,2533,26,2494,3783,129,3574,4,1,900,arc-agi-1,all_training
ea786f4a,1257,26,1218,2415,129,2206,3,1,287,arc-agi-1,all_training
eb281b96,2150,26,2111,3263,129,3054,2,1,578,arc-agi-1,all_training
eb5a1d5d,5507,26,5468,6729,129,6520,3,1,2418,arc-agi-1,all_training
ec883f72,2391,26,2352,3635,129,3426,4,1,794,arc-agi-1,all_training
ecdecbb3,4241,26,4202,5467,129,5258,3,1,1537,arc-agi-1,all_training
ed36ccf7,623,26,584,1803,129,1594,4,1,81,arc-agi-1,all_training
ef135b50,2081,26,2042,3267,129,3058,3,1,700,arc-agi-1,all_training
f15e1fac,3279,26,3240,4495,129,4286,3,1,1180,arc-agi-1,all_training
f1cefba8,5067,26,5028,6311,129,6102,3,1,1922,arc-agi-1,all_training
f25fbde4,1480,26,1441,2648,129,2439,3,1,456,arc-agi-1,all_training
f25ffba3,903,26,864,2025,129,1816,2,1,200,arc-agi-1,all_training
f2829549,969,26,930,2211,129,2002,5,1,228,arc-agi-1,all_training
f35d900a,5733,26,5694,7047,129,6838,4,1,2262,arc-agi-1,all_training
f5b8619d,1082,26,1043,2233,129,2024,3,1,261,arc-agi-1,all_training
f76d97a5,757,26,718,1899,129,1690,3,1,143,arc-agi-1,all_training
f8a8fe49,4121,26,4082,5347,129,5138,3,1,1575,arc-agi-1,all_training
f8b3ba0a,2277,26,2238,3509,129,3300,4,1,883,arc-agi-1,all_training
f8c80d96,2081,26,2042,3267,129,3058,3,1,700,arc-agi-1,all_training
f8ff0b80,1629,26,1590,2795,129,2586,3,1,585,arc-agi-1,all_training
f9012d9b,730,26,691,1867,129,1658,3,1,148,arc-agi-1,all_training
fafffa47,819,26,780,2067,129,1858,5,1,153,arc-agi-1,all_training
fcb5c309,2699,26,2660,3891,129,3682,3,1,1046,arc-agi-1,all_training
fcc82909,2081,26,2042,3267,129,3058,3,1,700,arc-agi-1,all_training
feca6190,2585,26,2546,3855,129,3646,5,1,630,arc-agi-1,all_training
ff28f65a,1735,26,1696,3279,129,3070,8,3,497,arc-agi-1,all_training
ff805c23,5317,26,5278,6539,129,6330,3,1,2379,arc-agi-1,all_training
00576224,621,26,582,1707,129,1498,2,1,84,arc-agi-1,all_evaluation
009d5c81,5337,26,5298,6699,129,6490,5,1,2156,arc-agi-1,all_evaluation
00dbd492,4249,26,4210,5527,129,5318,4,1,1448,arc-agi-1,all_evaluation
03560426,2081,26,2042,3267,129,3058,3,1,700,arc-agi-1,all_evaluation
05a7bcf2,15041,26,15002,16387,129,16178,3,1,6300,arc-agi-1,all_evaluation
0607ce86,8501,26,8462,9787,129,9578,3,1,3432,arc-agi-1,all_evaluation
0692e18c,1153,26,1114,2307,129,2098,3,1,279,arc-agi-1,all_evaluation
070dd51e,5309,26,5270,6511,129,6302,2,1,2000,arc-agi-1,all_evaluation
08573cc6,2715,26,2676,3915,129,3706,3,1,941,arc-agi-1,all_evaluation
0934a4d8,9842,26,9803,11171,129,10962,4,1,4593,arc-agi-1,all_evaluation
09c534e7,10693,26,10654,11995,129,11786,3,1,4148,arc-agi-1,all_evaluation
0a1d4ef5,7797,26,7758,9035,129,8826,3,1,3624,arc-agi-1,all_evaluation
0a2355a6,4221,26,4182,5505,129,5296,4,1,1573,arc-agi-1,all_evaluation
0b17323b,3159,26,3120,4311,129,4102,2,1,1125,arc-agi-1,all_evaluation
0bb8deee,2212,26,2173,3399,129,3190,3,1,833,arc-agi-1,all_evaluation
0becf7df,2081,26,2042,3267,129,3058,3,1,700,arc-agi-1,all_evaluation
0c786b71,901,26,862,2043,129,1834,3,1,192,arc-agi-1,all_evaluation
0c9aba6e,1273,26,1234,2518,129,2309,4,1,356,arc-agi-1,all_evaluation
0d87d2a6,5961,26,5922,7199,129,6990,3,1,2139,arc-agi-1,all_evaluation
0e671a1a,3943,26,3904,5223,129,5014,4,1,1521,arc-agi-1,all_evaluation
0f63c0b9,5083,26,5044,6383,129,6174,4,1,2025,arc-agi-1,all_evaluation
103eff5b,4461,26,4422,5647,129,5438,2,1,1568,arc-agi-1,all_evaluation
11e1fe23,2117,26,2078,3247,129,3038,2,1,672,arc-agi-1,all_evaluation
12422b43,1885,26,1846,3183,129,2974,5,1,598,arc-agi-1,all_evaluation
12997ef3,2288,26,2249,3597,129,3388,4,2,794,arc-agi-1,all_evaluation
12eac192,1441,26,1402,2655,129,2446,4,1,418,arc-agi-1,all_evaluation
136b0064,2787,26,2748,3997,129,3788,3,1,1011,arc-agi-1,all_evaluation
13713586,5109,26,5070,6351,129,6142,3,1,1944,arc-agi-1,all_evaluation
137f0df0,2081,26,2042,3267,129,3058,3,1,700,arc-agi-1,all_evaluation
140c817e,2759,26,2720,3959,129,3750,3,1,938,arc-agi-1,all_evaluation
14754a24,6243,26,6204,7559,129,7350,4,1,2461,arc-agi-1,all_evaluation
15113be4,9049,26,9010,10339,129,10130,3,1,3703,arc-agi-1,all_evaluation
15663ba9,3761,26,3722,4975,129,4766,3,1,1386,arc-agi-1,all_evaluation
15696249,1373,26,1334,2583,129,2374,4,1,369,arc-agi-1,all_evaluation
16b78196,11349,26,11310,12591,129,12382,2,1,4500,arc-agi-1,all_evaluation
17b80ad2,4321,26,4282,5603,129,5394,4,1,1591,arc-agi-1,all_evaluation
17cae0c1,983,26,944,2163,129,1954,4,1,243,arc-agi-1,all_evaluation
18419cfa,7653,26,7614,8931,129,8722,3,1,2812,arc-agi-1,all_evaluation
184a9768,8465,26,8426,9743,129,9534,3,1,3296,arc-agi-1,all_evaluation
195ba7dc,1418,26,1379,2618,129,2409,4,1,445,arc-agi-1,all_evaluation
1990f7a8,3713,26,3674,4921,129,4712,3,1,1560,arc-agi-1,all_evaluation
19bb5feb,2228,26,2189,3399,129,3190,3,1,881,arc-agi-1,all_evaluation
1a2e2828,1720,26,1681,2973,129,2764,5,1,605,arc-agi-1,all_evaluation
1a6449f1,4731,26,4692,5954,129,5745,3,1,2009,arc-agi-1,all_evaluation
1acc24af,3433,26,3394,4703,129,4494,4,1,1296,arc-agi-1,all_evaluation
1c02dbbe,4121,26,4082,5347,129,5138,3,1,1575,arc-agi-1,all_evaluation
1c0d0a4b,2193,26,2154,3371,129,3162,3,1,695,arc-agi-1,all_evaluation
1c56ad9f,4847,26,4808,6143,129,5934,4,1,1909,arc-agi-1,all_evaluation
1d0a4b61,10601,26,10562,11907,129,11698,3,1,4375,arc-agi-1,all_evaluation
1d398264,5082,26,5043,6393,129,6184,3,2,1850,arc-agi-1,all_evaluation
1da012fc,5165,26,5126,6331,129,6122,2,1,1871,arc-agi-1,all_evaluation
1e81d6f9,4121,26,4082,5347,129,5138,3,1,1575,arc-agi-1,all_evaluation
1e97544e,9049,26,9010,10339,129,10130,3,1,3703,arc-agi-1,all_evaluation
2037f2c7,5237,26,5198,6448,129,6239,3,1,2349,arc-agi-1,all_evaluation
2072aba6,781,26,742,1923,129,1714,3,1,144,arc-agi-1,all_evaluation
20818e16,2795,26,2756,3988,129,3779,3,1,1097,arc-agi-1,all_evaluation
20981f0e,3971,26,3932,5199,129,4990,3,1,1503,arc-agi-1,all_evaluation
212895b5,6523,26,6484,7779,129,7570,3,1,2503,arc-agi-1,all_evaluation
21f83797,2475,26,2436,3615,129,3406,2,1,845,arc-agi-1,all_evaluation
22a4bbc2,2115,26,2076,3445,129,3236,4,1,668,arc-agi-1,all_evaluation
25094a63,11349,26,11310,12591,129,12382,2,1,4500,arc-agi-1,all_evaluation
2546ccf6,5545,26,5506,6731,129,6522,2,1,1928,arc-agi-1,all_evaluation
256b0a75,9347,26,9308,10639,129,10430,3,1,3730,arc-agi-1,all_evaluation
2685904e,3437,26,3398,4815,129,4606,6,1,1300,arc-agi-1,all_evaluation
2697da3f,3118,26,3079,4376,129,4167,4,1,1004,arc-agi-1,all_evaluation
2753e76c,2639,26,2600,3823,129,3614,3,1,1069,arc-agi-1,all_evaluation
27a77e38,1089,26,1050,2243,129,2034,3,1,247,arc-agi-1,all_evaluation
27f8ce4f,1373,26,1334,2583,129,2374,4,1,369,arc-agi-1,all_evaluation
281123b4,1820,26,1781,3114,129,2905,6,1,628,arc-agi-1,all_evaluation
292dd178,2223,26,2184,3409,129,3200,3,1,709,arc-agi-1,all_evaluation
29700607,2943,26,2904,4147,129,3938,3,1,1101,arc-agi-1,all_evaluation
2a5f8217,2099,26,2060,3283,129,3074,3,1,645,arc-agi-1,all_evaluation
2b01abd0,2973,26,2934,4181,129,3972,3,1,1012,arc-agi-1,all_evaluation
2c0b0aff,6553,26,6514,7857,129,7648,4,1,2907,arc-agi-1,all_evaluation
2c737e39,2343,26,2304,3537,129,3328,3,1,818,arc-agi-1,all_evaluation
2f0c5170,4201,26,4162,5415,129,5206,3,1,1787,arc-agi-1,all_evaluation
310f3251,2257,26,2218,3539,129,3330,5,1,716,arc-agi-1,all_evaluation
3194b014,3757,26,3718,4955,129,4746,3,1,1627,arc-agi-1,all_evaluation
319f2597,6961,26,6922,8227,129,8018,3,1,2800,arc-agi-1,all_evaluation
31adaf00,2081,26,2042,3267,129,3058,3,1,700,arc-agi-1,all_evaluation
31d5ba1a,1165,26,1126,2481,129,2272,5,2,285,arc-agi-1,all_evaluation
32e9702f,1333,26,1294,2495,129,2286,3,1,344,arc-agi-1,all_evaluation
332efdb3,1557,26,1518,2727,129,2518,3,1,431,arc-agi-1,all_evaluation
3391f8c0,2985,26,2946,4233,129,4024,4,1,1076,arc-agi-1,all_evaluation
33b52de3,6855,26,6816,8055,129,7846,2,1,2645,arc-agi-1,all_evaluation
3490cc26,11225,26,11186,12607,129,12398,4,1,4774,arc-agi-1,all_evaluation
34b99a2b,1113,26,1074,2313,129,2104,4,1,305,arc-agi-1,all_evaluation
351d6448,1824,26,1785,2940,129,2731,2,1,663,arc-agi-1,all_evaluation
358ba94e,3712,26,3673,4965,129,4756,4,1,1568,arc-agi-1,all_evaluation
37d3e8b2,5301,26,5262,6547,129,6338,3,1,2074,arc-agi-1,all_evaluation
3979b1a8,1158,26,1119,2265,129,2056,2,1,275,arc-agi-1,all_evaluation
3a301edc,6581,26,6542,7955,129,7746,5,1,2527,arc-agi-1,all_evaluation
3b4c2228,1260,26,1221,2581,129,2372,5,2,342,arc-agi-1,all_evaluation
3d31c5b3,1841,26,1802,3184,129,2975,6,1,612,arc-agi-1,all_evaluation
3ed85e70,15041,26,15002,16387,129,16178,3,1,6300,arc-agi-1,all_evaluation
3ee1011a,5040,26,5001,6261,129,6052,3,1,2217,arc-agi-1,all_evaluation
3f23242b,3171,26,3132,4319,129,4110,2,1,1035,arc-agi-1,all_evaluation
40f6cd08,14675,26,14636,16015,129,15806,3,1,6120,arc-agi-1,all_evaluation
414297c0,4551,26,4512,5769,129,5560,3,1,1886,arc-agi-1,all_evaluation
423a55dc,3319,26,3280,4631,129,4422,5,1,1227,arc-agi-1,all_evaluation
42918530,8911,26,8872,10263,129,10054,4,1,3513,arc-agi-1,all_evaluation
42a15761,2691,26,2652,3869,129,3660,3,1,903,arc-agi-1,all_evaluation
4364c1c4,3205,26,3166,4419,129,4210,3,1,1166,arc-agi-1,all_evaluation
456873bc,4377,26,4338,5603,129,5394,3,1,1567,arc-agi-1,all_evaluation
45737921,2053,26,2014,3239,129,3030,3,1,718,arc-agi-1,all_evaluation
45bbe264,3901,26,3862,5123,129,4914,3,1,1467,arc-agi-1,all_evaluation
477d2879,3209,26,3170,4419,129,4210,3,1,1183,arc-agi-1,all_evaluation
47996f11,18733,26,18694,20183,129,19974,4,1,8100,arc-agi-1,all_evaluation
48131b3c,874,26,835,2019,129,1810,3,1,161,arc-agi-1,all_evaluation
4852f2fa,2034,26,1995,3371,129,3162,5,2,684,arc-agi-1,all_evaluation
48f8583b,1813,26,1774,3135,129,2926,6,1,549,arc-agi-1,all_evaluation
4aab4007,13169,26,13130,14499,129,14290,3,1,5488,arc-agi-1,all_evaluation
4acc7107,2533,26,2494,3783,129,3574,4,1,900,arc-agi-1,all_evaluation
4b6b68e5,7089,26,7050,8359,129,8150,3,1,2638,arc-agi-1,all_evaluation
4c177718,4926,26,4887,6279,129,6070,4,2,1890,arc-agi-1,all_evaluation
4cd1b7b2,673,26,634,1811,129,1602,3,1,112,arc-agi-1,all_evaluation
4e45f183,6329,26,6290,7587,129,7378,3,1,2527,arc-agi-1,all_evaluation
4e469f39,2081,26,2042,3267,129,3058,3,1,700,arc-agi-1,all_evaluation
4f537728,5289,26,5250,6471,129,6262,2,1,2000,arc-agi-1,all_evaluation
4ff4c9da,8529,26,8490,9811,129,9602,3,1,3247,arc-agi-1,all_evaluation
505fff84,1783,26,1744,3042,129,2833,5,1,610,arc-agi-1,all_evaluation
506d28a5,1128,26,1089,2343,129,2134,4,1,305,arc-agi-1,all_evaluation
50a16a69,2799,26,2760,3991,129,3782,3,1,1126,arc-agi-1,all_evaluation
50aad11f,2248,26,2209,3436,129,3227,3,1,838,arc-agi-1,all_evaluation
50f325b5,5717,26,5678,7015,129,6806,4,1,2296,arc-agi-1,all_evaluation
516b51b7,3521,26,3482,4735,129,4526,3,1,1251,arc-agi-1,all_evaluation
5207a7b5,2233,26,2194,3447,129,3238,3,1,731,arc-agi-1,all_evaluation
5289ad53,2101,26,2062,3319,129,3110,4,1,799,arc-agi-1,all_evaluation
52fd389e,11473,26,11434,12787,129,12578,3,1,4591,arc-agi-1,all_evaluation
54db823b,5083,26,5044,6383,129,6174,4,1,2025,arc-agi-1,all_evaluation
55059096,3479,26,3440,4699,129,4490,3,1,1261,arc-agi-1,all_evaluation
551d5bf1,8309,26,8270,9519,129,9310,2,1,3220,arc-agi-1,all_evaluation
55783887,4611,26,4572,5955,129,5746,5,1,1698,arc-agi-1,all_evaluation
575b1a71,2081,26,2042,3267,129,3058,3,1,700,arc-agi-1,all_evaluation
5783df64,967,26,928,2115,129,1906,3,1,261,arc-agi-1,all_evaluation
5833af48,4373,26,4334,5581,129,5372,3,1,1649,arc-agi-1,all_evaluation
58743b76,2201,26,2162,3335,129,3126,2,1,684,arc-agi-1,all_evaluation
58e15b12,7479,26,7440,8771,129,8562,3,1,2966,arc-agi-1,all_evaluation
59341089,898,26,859,2078,129,1869,4,1,189,arc-agi-1,all_evaluation
5a5a2103,5015,26,4976,6191,129,5982,2,1,1690,arc-agi-1,all_evaluation
5af49b42,3863,26,3824,5079,129,4870,3,1,1370,arc-agi-1,all_evaluation
5b526a93,5713,26,5674,6899,129,6690,2,1,1980,arc-agi-1,all_evaluation
5b692c0f,5243,26,5204,6415,129,6206,2,1,1710,arc-agi-1,all_evaluation
5b6cbef5,3837,26,3798,5151,129,4942,5,1,1376,arc-agi-1,all_evaluation
5d2a5c43,1648,26,1609,2985,129,2776,5,2,498,arc-agi-1,all_evaluation
5ffb2104,1665,26,1626,2835,129,2626,3,1,504,arc-agi-1,all_evaluation
604001fa,3517,26,3478,4787,129,4578,4,1,1306,arc-agi-1,all_evaluation
60a26a3e,3245,26,3206,4441,129,4232,3,1,1243,arc-agi-1,all_evaluation
60c09cac,895,26,856,1993,129,1784,2,1,150,arc-agi-1,all_evaluation
626c0bcc,1225,26,1186,2387,129,2178,3,1,343,arc-agi-1,all_evaluation
62ab2642,1855,26,1816,3041,129,2832,3,1,630,arc-agi-1,all_evaluation
62b74c02,1125,26,1086,2259,129,2050,3,1,296,arc-agi-1,all_evaluation
639f5a19,6855,26,6816,8055,129,7846,2,1,2645,arc-agi-1,all_evaluation
642248e4,3325,26,3286,4539,129,4330,3,1,1120,arc-agi-1,all_evaluation
642d658d,4784,26,4745,5989,129,5780,3,1,2145,arc-agi-1,all_evaluation
64a7c07e,2127,26,2088,3311,129,3102,3,1,682,arc-agi-1,all_evaluation
66e6c45b,573,26,534,1659,129,1450,2,1,80,arc-agi-1,all_evaluation
66f2d22f,1298,26,1259,2488,129,2279,4,1,392,arc-agi-1,all_evaluation
67636eac,2192,26,2153,3374,129,3165,3,1,825,arc-agi-1,all_evaluation
67b4a34d,2649,26,2610,3835,129,3626,3,1,1072,arc-agi-1,all_evaluation
67c52801,1731,26,1692,2951,129,2742,4,1,545,arc-agi-1,all_evaluation
68b67ca3,781,26,742,1923,129,1714,3,1,171,arc-agi-1,all_evaluation
692cd3b6,4121,26,4082,5347,129,5138,3,1,1575,arc-agi-1,all_evaluation
695367ec,2375,26,2336,3555,129,3346,3,1,729,arc-agi-1,all_evaluation
696d4842,8981,26,8942,10267,129,10058,3,1,3800,arc-agi-1,all_evaluation
69889d6e,2533,26,2494,3783,129,3574,4,1,900,arc-agi-1,all_evaluation
6a11f6da,1767,26,1728,3081,129,2872,5,1,575,arc-agi-1,all_evaluation
6ad5bdfd,1515,26,1476,2681,129,2472,3,1,430,arc-agi-1,all_evaluation
6df30ad6,2985,26,2946,4299,129,4090,5,1,1100,arc-agi-1,all_evaluation
6ea4a07e,836,26,797,2181,129,1972,6,2,126,arc-agi-1,all_evaluation
6f473927,1620,26,1581,2842,129,2633,4,1,420,arc-agi-1,all_evaluation
7039b2d7,3648,26,3609,4841,129,4632,3,1,1569,arc-agi-1,all_evaluation
705a3229,3503,26,3464,4773,129,4564,4,1,1300,arc-agi-1,all_evaluation
712bf12e,3311,26,3272,4519,129,4310,3,1,1235,arc-agi-1,all_evaluation
72207abc,1569,26,1530,2699,129,2490,3,1,489,arc-agi-1,all_evaluation
72a961c9,2257,26,2218,3507,129,3298,4,1,769,arc-agi-1,all_evaluation
73182012,1737,26,1698,2907,129,2698,3,1,624,arc-agi-1,all_evaluation
73c3b0d8,1733,26,1694,2977,129,2768,4,1,514,arc-agi-1,all_evaluation
73ccf9c2,4419,26,4380,5631,129,5422,3,1,1925,arc-agi-1,all_evaluation
759f3fd3,3029,26,2990,4175,129,3966,2,1,1144,arc-agi-1,all_evaluation
762cd429,5465,26,5426,6675,129,6466,3,1,2000,arc-agi-1,all_evaluation
770cc55f,1735,26,1696,3003,129,2794,4,1,543,arc-agi-1,all_evaluation
782b5218,2081,26,2042,3267,129,3058,3,1,700,arc-agi-1,all_evaluation
79369cc6,4721,26,4682,5967,129,5758,3,1,1850,arc-agi-1,all_evaluation
7953d61e,1473,26,1434,2739,129,2530,5,1,416,arc-agi-1,all_evaluation
79fb03f4,6525,26,6486,7939,129,7730,6,1,2256,arc-agi-1,all_evaluation
7bb29440,5473,26,5434,6817,129,6608,5,1,2411,arc-agi-1,all_evaluation
7c8af763,2081,26,2042,3267,129,3058,3,1,700,arc-agi-1,all_evaluation
7c9b52a0,2647,26,2608,3833,129,3624,3,1,1072,arc-agi-1,all_evaluation
7d18a6fb,3057,26,3018,4259,129,4050,3,1,1235,arc-agi-1,all_evaluation
7d1f7ee8,9633,26,9594,10911,129,10702,3,1,3718,arc-agi-1,all_evaluation
7d419a02,5755,26,5716,6999,129,6790,3,1,2108,arc-agi-1,all_evaluation
7e02026e,2801,26,2762,4003,129,3794,3,1,1008,arc-agi-1,all_evaluation
7ee1c6ea,2081,26,2042,3267,129,3058,3,1,700,arc-agi-1,all_evaluation
817e6c09,2577,26,2538,3855,129,3646,5,1,917,arc-agi-1,all_evaluation
81c0276b,2941,26,2902,4129,129,3920,3,1,1217,arc-agi-1,all_evaluation
833dafe3,1294,26,1255,2401,129,2192,2,1,189,arc-agi-1,all_evaluation
845d6e51,4193,26,4154,5419,129,5210,3,1,1530,arc-agi-1,all_evaluation
84db8fc4,2533,26,2494,3783,129,3574,4,1,900,arc-agi-1,all_evaluation
84f2aca1,2889,26,2850,4147,129,3938,4,1,1022,arc-agi-1,all_evaluation
8597cfd7,1435,26,1396,2646,129,2437,4,1,475,arc-agi-1,all_evaluation
85b81ff1,4203,26,4164,5483,129,5274,4,1,1638,arc-agi-1,all_evaluation
85fa5666,2507,26,2468,3755,129,3546,4,1,930,arc-agi-1,all_evaluation
8719f442,2337,26,2298,3515,129,3306,3,1,711,arc-agi-1,all_evaluation
88207623,3533,26,3494,4687,129,4478,2,1,1248,arc-agi-1,all_evaluation
891232d6,11275,26,11236,12671,129,12462,4,1,4623,arc-agi-1,all_evaluation
896d5239,3901,26,3862,5123,129,4914,3,1,1422,arc-agi-1,all_evaluation
8a371977,10255,26,10216,11555,129,11346,3,1,3930,arc-agi-1,all_evaluation
8b28cd80,1816,26,1777,3153,129,2944,5,2,468,arc-agi-1,all_evaluation
8ba14f53,1148,26,1109,2435,129,2226,6,1,306,arc-agi-1,all_evaluation
8cb8642d,5019,26,4980,6247,129,6038,3,1,1792,arc-agi-1,all_evaluation
8dae5dfc,7101,26,7062,8431,129,8222,4,1,2864,arc-agi-1,all_evaluation
8e2edd66,1153,26,1114,2307,129,2098,3,1,279,arc-agi-1,all_evaluation
8ee62060,2833,26,2794,4035,129,3826,3,1,972,arc-agi-1,all_evaluation
8fbca751,1801,26,1762,2969,129,2760,3,1,578,arc-agi-1,all_evaluation
90347967,1377,26,1338,2539,129,2330,3,1,387,arc-agi-1,all_evaluation
903d1b4a,5713,26,5674,7023,129,6814,4,1,2304,arc-agi-1,all_evaluation
9110e3c5,1662,26,1623,3093,129,2884,7,2,504,arc-agi-1,all_evaluation
917bccba,2801,26,2762,4003,129,3794,3,1,1008,arc-agi-1,all_evaluation
929ab4e9,12193,26,12154,13583,129,13374,4,1,5184,arc-agi-1,all_evaluation
92e50de0,11505,26,11466,12819,129,12610,3,1,4607,arc-agi-1,all_evaluation
9356391f,3537,26,3498,4695,129,4486,2,1,1280,arc-agi-1,all_evaluation
93b4f4b3,1784,26,1745,2926,129,2717,2,1,584,arc-agi-1,all_evaluation
93c31fbe,9499,26,9460,10787,129,10578,3,1,3730,arc-agi-1,all_evaluation
94133066,5405,26,5366,6638,129,6429,3,1,2310,arc-agi-1,all_evaluation
94414823,2081,26,2042,3267,129,3058,3,1,700,arc-agi-1,all_evaluation
94be5b80,3447,26,3408,4615,129,4406,2,1,1216,arc-agi-1,all_evaluation
95a58926,7375,26,7336,8647,129,8438,3,1,2810,arc-agi-1,all_evaluation
963f59bc,3771,26,3732,5047,129,4838,4,1,1382,arc-agi-1,all_evaluation
96a8c0cd,6261,26,6222,7575,129,7366,4,1,2455,arc-agi-1,all_evaluation
97239e3d,5161,26,5122,6403,129,6194,3,1,2023,arc-agi-1,all_evaluation
9772c176,6969,26,6930,8167,129,7958,2,1,2832,arc-agi-1,all_evaluation
981571dc,18733,26,18694,20183,129,19974,4,1,8100,arc-agi-1,all_evaluation
992798f6,4935,26,4896,6235,129,6026,4,1,1920,arc-agi-1,all_evaluation
99306f82,4321,26,4282,5547,129,5338,3,1,1500,arc-agi-1,all_evaluation
9a4bb226,2337,26,2298,3515,129,3306,3,1,927,arc-agi-1,all_evaluation
9b2a60aa,6059,26,6020,7315,129,7106,3,1,2442,arc-agi-1,all_evaluation
9b365c51,2737,26,2698,3899,129,3690,3,1,948,arc-agi-1,all_evaluation
9b4c17c4,4038,26,3999,5385,129,5176,4,2,1527,arc-agi-1,all_evaluation
9bebae7a,3245,26,3206,4561,129,4352,5,1,1198,arc-agi-1,all_evaluation
9c1e755f,2533,26,2494,3783,129,3574,4,1,900,arc-agi-1,all_evaluation
9c56f360,1453,26,1414,2623,129,2414,3,1,421,arc-agi-1,all_evaluation
9caba7c3,6329,26,6290,7587,129,7378,3,1,2527,arc-agi-1,all_evaluation
9ddd00f0,2463,26,2424,3595,129,3386,2,1,653,arc-agi-1,all_evaluation
9def23fe,6823,26,6784,8091,129,7882,3,1,2730,arc-agi-1,all_evaluation
9f27f097,2801,26,2762,4003,129,3794,3,1,1008,arc-agi-1,all_evaluation
a04b2602,6141,26,6102,7379,129,7170,3,1,2372,arc-agi-1,all_evaluation
a096bf4d,8255,26,8216,9539,129,9330,3,1,3162,arc-agi-1,all_evaluation
a3f84088,7485,26,7446,8803,129,8594,4,1,2544,arc-agi-1,all_evaluation
a406ac07,2081,26,2042,3267,129,3058,3,1,700,arc-agi-1,all_evaluation
a57f2f04,7625,26,7586,8915,129,8706,3,1,2948,arc-agi-1,all_evaluation
a59b95c0,1669,26,1630,2935,129,2726,5,1,432,arc-agi-1,all_evaluation
a680ac02,4092,26,4053,5311,129,5102,3,1,1744,arc-agi-1,all_evaluation
a8610ef7,1193,26,1154,2403,129,2194,4,1,324,arc-agi-1,all_evaluation
a934301b,3481,26,3442,4695,129,4486,3,1,1330,arc-agi-1,all_evaluation
aa18de87,1225,26,1186,2417,129,2208,4,1,348,arc-agi-1,all_evaluation
aa300dc3,2533,26,2494,3783,129,3574,4,1,900,arc-agi-1,all_evaluation
aa4ec2a5,9479,26,9440,10779,129,10570,3,1,3740,arc-agi-1,all_evaluation
aab50785,3160,26,3121,4457,129,4248,5,1,1270,arc-agi-1,all_evaluation
ac0c5833,12337,26,12298,13659,129,13450,3,1,5131,arc-agi-1,all_evaluation
ac2e8ecf,4073,26,4034,5295,129,5086,3,1,1538,arc-agi-1,all_evaluation
ac3e2b04,4315,26,4276,5603,129,5394,4,1,1584,arc-agi-1,all_evaluation
ac605cbb,3613,26,3574,4995,129,4786,6,1,1367,arc-agi-1,all_evaluation
ad7e01d0,3261,26,3222,4505,129,4296,4,1,749,arc-agi-1,all_evaluation
ae58858e,2001,26,1962,3235,129,3026,4,1,700,arc-agi-1,all_evaluation
aee291af,2963,26,2924,4155,129,3946,3,1,1217,arc-agi-1,all_evaluation
af22c60d,18733,26,18694,20183,129,19974,4,1,8100,arc-agi-1,all_evaluation
af24b4cc,1321,26,1282,2479,129,2270,3,1,420,arc-agi-1,all_evaluation
b0722778,1007,26,968,2123,129,1914,2,1,281,arc-agi-1,all_evaluation
b0f4d537,2450,26,2411,3696,129,3487,4,1,882,arc-agi-1,all_evaluation
b15fca0b,1821,26,1782,3099,129,2890,5,1,544,arc-agi-1,all_evaluation
b1fc8b8e,1403,26,1364,2733,129,2524,5,2,377,arc-agi-1,all_evaluation
b20f7c8b,6881,26,6842,8131,129,7922,3,1,2772,arc-agi-1,all_evaluation
b457fec5,7027,26,6988,8295,129,8086,3,1,2611,arc-agi-1,all_evaluation
b4a43f3b,4603,26,4564,5908,129,5699,4,1,1686,arc-agi-1,all_evaluation
b7999b51,2320,26,2281,3495,129,3286,3,1,899,arc-agi-1,all_evaluation
b7cb93ac,1461,26,1422,2619,129,2410,3,1,496,arc-agi-1,all_evaluation
b7f8a4d8,12583,26,12544,13895,129,13686,3,1,5088,arc-agi-1,all_evaluation
b7fb29bc,4121,26,4082,5347,129,5138,3,1,1575,arc-agi-1,all_evaluation
b942fd60,2741,26,2702,4095,129,3886,6,1,952,arc-agi-1,all_evaluation
b9630600,15041,26,15002,16387,129,16178,3,1,6300,arc-agi-1,all_evaluation
ba9d41b8,4803,26,4764,6039,129,5830,3,1,1775,arc-agi-1,all_evaluation
baf41dbf,3691,26,3652,4897,129,4688,3,1,1324,arc-agi-1,all_evaluation
bb52a14b,8321,26,8282,9603,129,9394,3,1,3388,arc-agi-1,all_evaluation
bbb1b8b6,1536,26,1497,2949,129,2740,7,2,436,arc-agi-1,all_evaluation
bc4146bd,1418,26,1379,2608,129,2399,4,1,400,arc-agi-1,all_evaluation
bcb3040b,3809,26,3770,5027,129,4818,3,1,1324,arc-agi-1,all_evaluation
bd14c3bf,5477,26,5438,6723,129,6514,3,1,2107,arc-agi-1,all_evaluation
be03b35f,645,26,606,1779,129,1570,3,1,112,arc-agi-1,all_evaluation
bf32578f,1393,26,1354,2559,129,2350,3,1,408,arc-agi-1,all_evaluation
bf699163,1993,26,1954,3111,129,2902,2,1,778,arc-agi-1,all_evaluation
bf89d739,4695,26,4656,5999,129,5790,4,1,1816,arc-agi-1,all_evaluation
c074846d,2022,26,1983,3367,129,3158,5,2,548,arc-agi-1,all_evaluation
c1990cce,1585,26,1546,2737,129,2528,3,1,285,arc-agi-1,all_evaluation
c3202e5a,5533,26,5494,6755,129,6546,3,1,2487,arc-agi-1,all_evaluation
c35c1b4c,2081,26,2042,3267,129,3058,3,1,700,arc-agi-1,all_evaluation
c48954c1,1153,26,1114,2307,129,2098,3,1,279,arc-agi-1,all_evaluation
c62e2108,7709,26,7670,8987,129,8778,3,1,2992,arc-agi-1,all_evaluation
c64f1187,3143,26,3104,4287,129,4078,2,1,1226,arc-agi-1,all_evaluation
c658a4bd,2502,26,2463,3639,129,3430,2,1,931,arc-agi-1,all_evaluation
c663677b,12281,26,12242,13603,129,13394,3,1,5103,arc-agi-1,all_evaluation
c6e1b8da,6961,26,6922,8227,129,8018,3,1,2800,arc-agi-1,all_evaluation
c7d4e6ad,1629,26,1590,2751,129,2542,2,1,500,arc-agi-1,all_evaluation
c87289bb,2929,26,2890,4177,129,3968,4,1,1050,arc-agi-1,all_evaluation
c8b7cc0f,1087,26,1048,2239,129,2030,3,1,319,arc-agi-1,all_evaluation
c92b942c,1986,26,1947,3204,129,2995,4,1,669,arc-agi-1,all_evaluation
c97c0139,5219,26,5180,6395,129,6186,2,1,1906,arc-agi-1,all_evaluation
ca8de6ea,689,26,650,1827,129,1618,3,1,127,arc-agi-1,all_evaluation
ca8f78db,15041,26,15002,16387,129,16178,3,1,6300,arc-agi-1,all_evaluation
cad67732,2732,26,2693,3925,129,3716,3,1,725,arc-agi-1,all_evaluation
cb227835,3191,26,3152,4395,129,4186,3,1,1164,arc-agi-1,all_evaluation
ccd554ac,3409,26,3370,4753,129,4544,6,1,789,arc-agi-1,all_evaluation
cd3c21df,1699,26,1660,2865,129,2656,3,1,617,arc-agi-1,all_evaluation
ce039d91,2533,26,2494,3783,129,3574,4,1,900,arc-agi-1,all_evaluation
ce8d95cc,2131,26,2092,3368,129,3159,4,1,748,arc-agi-1,all_evaluation
cf133acc,4121,26,4082,5347,129,5138,3,1,1575,arc-agi-1,all_evaluation
cfb2ce5a,2081,26,2042,3267,129,3058,3,1,700,arc-agi-1,all_evaluation
d017b73f,1005,26,966,2185,129,1976,4,1,255,arc-agi-1,all_evaluation
d19f7514,1228,26,1189,2468,129,2259,4,1,336,arc-agi-1,all_evaluation
d282b262,4121,26,4082,5347,129,5138,3,1,1575,arc-agi-1,all_evaluation
d2acf2cb,1603,26,1564,2773,129,2564,3,1,486,arc-agi-1,all_evaluation
d304284e,8235,26,8196,9435,129,9226,2,1,3220,arc-agi-1,all_evaluation
d37a1ef5,2569,26,2530,3765,129,3556,3,1,884,arc-agi-1,all_evaluation
d47aa2ff,2961,26,2922,4147,129,3938,3,1,1140,arc-agi-1,all_evaluation
d492a647,2979,26,2940,4123,129,3914,2,1,1009,arc-agi-1,all_evaluation
d4b1c2b1,1881,26,1842,3247,129,3038,7,1,423,arc-agi-1,all_evaluation
d4c90558,4383,26,4344,5587,129,5378,3,1,1922,arc-agi-1,all_evaluation
d56f2372,3858,26,3819,5069,129,4860,3,1,1626,arc-agi-1,all_evaluation
d5c634a2,2330,26,2291,3774,129,3565,7,2,811,arc-agi-1,all_evaluation
d931c21c,7375,26,7336,8689,129,8480,4,1,2492,arc-agi-1,all_evaluation
d94c3b52,7337,26,7298,8579,129,8370,3,1,2975,arc-agi-1,all_evaluation
da2b0fe3,2536,26,2497,3801,129,3592,3,2,800,arc-agi-1,all_evaluation
da515329,6793,26,6754,8051,129,7842,3,1,2444,arc-agi-1,all_evaluation
dc2aa30b,2425,26,2386,3619,129,3410,3,1,847,arc-agi-1,all_evaluation
dc2e9a9d,8931,26,8892,10227,129,10018,3,1,3358,arc-agi-1,all_evaluation
dd2401ed,2593,26,2554,3813,129,3604,4,1,945,arc-agi-1,all_evaluation
de493100,10051,26,10012,11388,129,11179,4,1,4699,arc-agi-1,all_evaluation
df8cc377,7049,26,7010,8299,129,8090,3,1,2680,arc-agi-1,all_evaluation
e0fb7511,3209,26,3170,4419,129,4210,3,1,1183,arc-agi-1,all_evaluation
e133d23d,837,26,798,2067,129,1858,5,1,171,arc-agi-1,all_evaluation
e1baa8a4,2649,26,2610,3883,129,3674,4,1,1051,arc-agi-1,all_evaluation
e1d2900e,11921,26,11882,13227,129,13018,3,1,4760,arc-agi-1,all_evaluation
e2092e0c,4121,26,4082,5347,129,5138,3,1,1575,arc-agi-1,all_evaluation
e21a174a,2798,26,2759,4069,129,3860,3,2,953,arc-agi-1,all_evaluation
e345f17b,1068,26,1029,2325,129,2116,4,2,256,arc-agi-1,all_evaluation
e4075551,4061,26,4022,5287,129,5078,3,1,1530,arc-agi-1,all_evaluation
e41c6fd3,7357,26,7318,8583,129,8374,3,1,2908,arc-agi-1,all_evaluation
e57337a4,2337,26,2298,3515,129,3306,3,1,927,arc-agi-1,all_evaluation
e5790162,2043,26,2004,3331,129,3122,5,1,632,arc-agi-1,all_evaluation
e5c44e8f,2425,26,2386,3619,129,3410,3,1,847,arc-agi-1,all_evaluation
e619ca6e,12569,26,12530,13899,129,13690,3,1,5160,arc-agi-1,all_evaluation
e633a9e5,689,26,650,1827,129,1618,3,1,111,arc-agi-1,all_evaluation
e66aafb8,7852,26,7813,9219,129,9010,5,1,3604,arc-agi-1,all_evaluation
e681b708,9651,26,9612,10947,129,10738,3,1,3854,arc-agi-1,all_evaluation
e69241bd,1621,26,1582,2795,129,2586,3,1,503,arc-agi-1,all_evaluation
e6de6e8f,1069,26,1030,2215,129,2006,3,1,264,arc-agi-1,all_evaluation
e74e1818,2745,26,2706,3943,129,3734,3,1,903,arc-agi-1,all_evaluation
e760a62e,10681,26,10642,11987,129,11778,3,1,4256,arc-agi-1,all_evaluation
e7639916,2969,26,2930,4161,129,3952,3,1,1060,arc-agi-1,all_evaluation
e78887d1,2060,26,2021,3270,129,3061,4,1,743,arc-agi-1,all_evaluation
e7a25a18,2083,26,2044,3213,129,3004,2,1,724,arc-agi-1,all_evaluation
e7b06bea,2149,26,2110,3455,129,3246,5,1,715,arc-agi-1,all_evaluation
e7dd8335,1657,26,1618,2829,129,2620,3,1,503,arc-agi-1,all_evaluation
e872b94a,1308,26,1269,2515,129,2306,4,1,414,arc-agi-1,all_evaluation
e88171ec,5675,26,5636,6923,129,6714,3,1,2125,arc-agi-1,all_evaluation
e95e3d8e,8321,26,8282,9603,129,9394,3,1,3388,arc-agi-1,all_evaluation
e99362f0,2254,26,2215,3604,129,3395,6,1,813,arc-agi-1,all_evaluation
e9ac8c9e,2591,26,2552,3787,129,3578,3,1,825,arc-agi-1,all_evaluation
e9b4f6fc,2523,26,2484,3765,129,3556,4,1,974,arc-agi-1,all_evaluation
e9bb6954,6305,26,6266,7627,129,7418,4,1,2489,arc-agi-1,all_evaluation
e9c9d9a1,4219,26,4180,5459,129,5250,3,1,1617,arc-agi-1,all_evaluation
ea959feb,9377,26,9338,10659,129,10450,3,1,3850,arc-agi-1,all_evaluation
ea9794b1,2338,26,2299,3681,129,3472,6,1,850,arc-agi-1,all_evaluation
ecaa0ec1,2831,26,2792,4091,129,3882,4,1,1023,arc-agi-1,all_evaluation
ed74f2f2,1281,26,1242,2575,129,2366,6,1,369,arc-agi-1,all_evaluation
ed98d772,1035,26,996,2283,129,2074,5,1,234,arc-agi-1,all_evaluation
ef26cbf6,1345,26,1306,2465,129,2256,2,1,385,arc-agi-1,all_evaluation
f0afb749,1177,26,1138,2331,129,2122,3,1,334,arc-agi-1,all_evaluation
f0df5ff0,4121,26,4082,5347,129,5138,3,1,1575,arc-agi-1,all_evaluation
f21745ec,7739,26,7700,9015,129,8806,3,1,3078,arc-agi-1,all_evaluation
f3b10344,14311,26,14272,15647,129,15438,3,1,5970,arc-agi-1,all_evaluation
f3cdc58f,2081,26,2042,3267,129,3058,3,1,700,arc-agi-1,all_evaluation
f3e62deb,3892,26,3853,5349,129,5140,6,2,1400,arc-agi-1,all_evaluation
f4081712,7904,26,7865,9273,129,9064,5,1,3614,arc-agi-1,all_evaluation
f45f5ca7,2081,26,2042,3267,129,3058,3,1,700,arc-agi-1,all_evaluation
f5aa3634,2101,26,2062,3275,129,3066,3,1,808,arc-agi-1,all_evaluation
f5c89df1,3209,26,3170,4419,129,4210,3,1,1183,arc-agi-1,all_evaluation
f823c43c,3195,26,3156,4343,129,4134,2,1,1114,arc-agi-1,all_evaluation
f83cb3f6,3061,26,3022,4275,129,4066,3,1,1126,arc-agi-1,all_evaluation
f8be4b64,8029,26,7990,9359,129,9150,4,1,3347,arc-agi-1,all_evaluation
f9a67cb5,3131,26,3092,4331,129,4122,3,1,1108,arc-agi-1,all_evaluation
f9d67f8b,18733,26,18694,20183,129,19974,4,1,8100,arc-agi-1,all_evaluation
fafd9572,2457,26,2418,3591,129,3382,2,1,840,arc-agi-1,all_evaluation
fb791726,1549,26,1510,2715,129,2506,3,1,486,arc-agi-1,all_evaluation
fc754716,1055,26,1016,2259,129,2050,4,1,231,arc-agi-1,all_evaluation
fd096ab6,8361,26,8322,9575,129,9366,2,1,3020,arc-agi-1,all_evaluation
fd4b2b02,7431,26,7392,8699,129,8490,3,1,3178,arc-agi-1,all_evaluation
fe9372f3,3433,26,3394,4593,129,4384,2,1,974,arc-agi-1,all_evaluation
fea12743,3345,26,3306,4579,129,4370,3,1,1232,arc-agi-1,all_evaluation
ff72ca3e,4487,26,4448,5775,129,5566,4,1,1362,arc-agi-1,all_evaluation
0934a4d8,9842,26,9803,11171,129,10962,4,1,4593,arc-agi-2,all_evaluation
135a2760,5949,26,5910,7121,129,6912,2,1,1895,arc-agi-2,all_evaluation
136b0064,2787,26,2748,3997,129,3788,3,1,1011,arc-agi-2,all_evaluation
13e47133,11576,26,11537,12961,129,12752,3,2,3660,arc-agi-2,all_evaluation
142ca369,7940,26,7901,9297,129,9088,3,2,2952,arc-agi-2,all_evaluation
16b78196,11349,26,11310,12591,129,12382,2,1,4500,arc-agi-2,all_evaluation
16de56c4,3602,26,3563,4859,129,4650,3,2,1164,arc-agi-2,all_evaluation
1818057f,4531,26,4492,5755,129,5546,3,1,1522,arc-agi-2,all_evaluation
195c6913,14496,26,14457,15921,129,15712,3,2,5100,arc-agi-2,all_evaluation
1ae2feb7,4537,26,4498,5883,129,5674,3,3,1534,arc-agi-2,all_evaluation
20270e3b,1995,26,1956,3294,129,3085,4,2,613,arc-agi-2,all_evaluation
20a9e565,9936,26,9897,11293,129,11084,3,2,4479,arc-agi-2,all_evaluation
21897d95,8641,26,8602,10049,129,9840,4,2,2512,arc-agi-2,all_evaluation
221dfab4,11834,26,11795,13181,129,12972,2,2,4077,arc-agi-2,all_evaluation
247ef758,4642,26,4603,5925,129,5716,3,2,1528,arc-agi-2,all_evaluation
269e22fb,7821,26,7782,9290,129,9081,5,2,2754,arc-agi-2,all_evaluation
271d71e2,5215,26,5176,6447,129,6238,3,1,1670,arc-agi-2,all_evaluation
28a6681f,2081,26,2042,3267,129,3058,3,1,700,arc-agi-2,all_evaluation
291dc1e1,3208,26,3169,4496,129,4287,4,1,1180,arc-agi-2,all_evaluation
2b83f449,3439,26,3400,4587,129,4378,2,1,1169,arc-agi-2,all_evaluation
2ba387bc,6368,26,6329,7691,129,7482,4,1,2756,arc-agi-2,all_evaluation
2c181942,8419,26,8380,9695,129,9486,3,1,3300,arc-agi-2,all_evaluation
2d0172a1,7551,26,7512,8945,129,8736,4,2,3181,arc-agi-2,all_evaluation
31f7f899,3429,26,3390,4639,129,4430,3,1,1175,arc-agi-2,all_evaluation
332f06d7,4961,26,4922,6255,129,6046,4,1,1792,arc-agi-2,all_evaluation
35ab12c3,6109,26,6070,7363,129,7154,3,1,2339,arc-agi-2,all_evaluation
36a08778,9174,26,9135,10713,129,10504,6,2,3048,arc-agi-2,all_evaluation
38007db0,6534,26,6495,7839,129,7630,2,2,2568,arc-agi-2,all_evaluation
3a25b0d8,7065,26,7026,8344,129,8135,2,2,2864,arc-agi-2,all_evaluation
3dc255db,2669,26,2630,3867,129,3658,3,1,932,arc-agi-2,all_evaluation
3e6067c3,13194,26,13155,14597,129,14388,3,2,4519,arc-agi-2,all_evaluation
409aa875,4625,26,4586,5859,129,5650,3,1,1792,arc-agi-2,all_evaluation
446ef5d2,6204,26,6165,7461,129,7252,2,2,1756,arc-agi-2,all_evaluation
45a5af55,5354,26,5315,6533,129,6324,2,1,1758,arc-agi-2,all_evaluation
4a21e3da,6037,26,5998,7291,129,7082,3,1,2344,arc-agi-2,all_evaluation
4c3d4a41,3020,26,2981,4205,129,3996,2,2,960,arc-agi-2,all_evaluation
4c416de3,7885,26,7846,9159,129,8950,3,1,3240,arc-agi-2,all_evaluation
4c7dc4dd,7940,26,7901,9201,129,8992,2,2,3641,arc-agi-2,all_evaluation
4e34c42c,5937,26,5898,7190,129,6981,2,2,2265,arc-agi-2,all_evaluation
53fb4810,4853,26,4814,6059,129,5850,2,1,1720,arc-agi-2,all_evaluation
5545f144,3483,26,3444,4679,129,4470,3,1,1273,arc-agi-2,all_evaluation
581f7754,5056,26,5017,6371,129,6162,3,2,1714,arc-agi-2,all_evaluation
58490d8a,4901,26,4862,6121,129,5912,3,1,2097,arc-agi-2,all_evaluation
58f5dbd5,5089,26,5050,6329,129,6120,3,1,2031,arc-agi-2,all_evaluation
5961cc34,10695,26,10656,12063,129,11854,4,1,4293,arc-agi-2,all_evaluation
5dbc8537,5225,26,5186,6480,129,6271,2,2,1935,arc-agi-2,all_evaluation
62593bfd,10964,26,10925,12289,129,12080,2,2,4021,arc-agi-2,all_evaluation
64efde09,9169,26,9130,10383,129,10174,2,1,3483,arc-agi-2,all_evaluation
65b59efc,6270,26,6231,7581,129,7372,3,2,1965,arc-agi-2,all_evaluation
67e490f4,6889,26,6850,8072,129,7863,2,1,2990,arc-agi-2,all_evaluation
6e453dd6,4219,26,4180,5479,129,5270,3,1,1532,arc-agi-2,all_evaluation
6e4f6532,9938,26,9899,11257,129,11048,2,2,3348,arc-agi-2,all_evaluation
6ffbe589,4803,26,4764,6035,129,5826,3,1,1969,arc-agi-2,all_evaluation
71e489b6,6338,26,6299,7673,129,7464,3,2,2268,arc-agi-2,all_evaluation
7491f3cf,3993,26,3954,5213,129,5004,4,1,1575,arc-agi-2,all_evaluation
7666fa5d,3537,26,3498,4695,129,4486,2,1,1280,arc-agi-2,all_evaluation
78332cb0,2652,26,2613,3957,129,3748,3,2,812,arc-agi-2,all_evaluation
7b0280bc,7963,26,7924,9235,129,9026,3,1,2798,arc-agi-2,all_evaluation
7b3084d4,4407,26,4368,5627,129,5418,3,1,1752,arc-agi-2,all_evaluation
7b5033c1,2163,26,2124,3344,129,3135,2,1,814,arc-agi-2,all_evaluation
7b80bb43,7095,26,7056,8303,129,8094,2,1,2797,arc-agi-2,all_evaluation
7c66cb00,12161,26,12122,13507,129,13298,3,1,5040,arc-agi-2,all_evaluation
7ed72f31,7592,26,7553,8877,129,8668,2,2,2404,arc-agi-2,all_evaluation
800d221b,7177,26,7138,8435,129,8226,3,1,2412,arc-agi-2,all_evaluation
80a900e0,6349,26,6310,7543,129,7334,2,1,2462,arc-agi-2,all_evaluation
8698868d,5928,26,5889,7106,129,6897,2,1,2428,arc-agi-2,all_evaluation
88bcf3b4,8204,26,8165,9665,129,9456,5,2,2539,arc-agi-2,all_evaluation
88e364bc,8636,26,8597,10001,129,9792,3,2,3200,arc-agi-2,all_evaluation
89565ca0,5745,26,5706,6963,129,6754,3,1,2590,arc-agi-2,all_evaluation
898e7135,7256,26,7217,8457,129,8248,2,1,2474,arc-agi-2,all_evaluation
8b7bacbf,10788,26,10749,12209,129,12000,4,2,3584,arc-agi-2,all_evaluation
8b9c3697,8061,26,8022,9327,129,9118,3,1,3129,arc-agi-2,all_evaluation
8e5c0c38,8324,26,8285,9621,129,9412,2,2,2904,arc-agi-2,all_evaluation
8f215267,9143,26,9104,10435,129,10226,3,1,3657,arc-agi-2,all_evaluation
8f3a5a89,4117,26,4078,5339,129,5130,3,1,1656,arc-agi-2,all_evaluation
9385bd28,5298,26,5259,6665,129,6456,4,2,1842,arc-agi-2,all_evaluation
97d7923e,2881,26,2842,4067,129,3858,3,1,1000,arc-agi-2,all_evaluation
981571dc,18733,26,18694,20183,129,19974,4,1,8100,arc-agi-2,all_evaluation
9aaea919,15041,26,15002,16387,129,16178,3,1,6300,arc-agi-2,all_evaluation
9bbf930d,5725,26,5686,6983,129,6774,3,1,2103,arc-agi-2,all_evaluation
a251c730,6809,26,6770,7998,129,7789,2,1,3032,arc-agi-2,all_evaluation
a25697e4,12664,26,12625,14057,129,13848,3,2,4350,arc-agi-2,all_evaluation
a32d8b75,13276,26,13237,14681,129,14472,3,2,5040,arc-agi-2,all_evaluation
a395ee82,8321,26,8282,9603,129,9394,3,1,3388,arc-agi-2,all_evaluation
a47bf94d,8827,26,8788,10111,129,9902,3,1,3448,arc-agi-2,all_evaluation
a6f40cea,5936,26,5897,7170,129,6961,3,1,2626,arc-agi-2,all_evaluation
aa4ec2a5,9479,26,9440,10779,129,10570,3,1,3740,arc-agi-2,all_evaluation
abc82100,5017,26,4978,6303,129,6094,4,1,1828,arc-agi-2,all_evaluation
b0039139,2924,26,2885,4237,129,4028,4,2,943,arc-agi-2,all_evaluation
b10624e5,9279,26,9240,10503,129,10294,2,1,3645,arc-agi-2,all_evaluation
b5ca7ac4,8321,26,8282,9603,129,9394,3,1,3388,arc-agi-2,all_evaluation
b6f77b65,4700,26,4661,6121,129,5912,5,2,1728,arc-agi-2,all_evaluation
b99e7126,14089,26,14050,15427,129,15218,3,1,5887,arc-agi-2,all_evaluation
b9e38dc0,4183,26,4144,5401,129,5192,3,1,1551,arc-agi-2,all_evaluation
bf45cf4b,3825,26,3786,5039,129,4830,3,1,1034,arc-agi-2,all_evaluation
c4d067a0,9857,26,9818,11155,129,10946,3,1,3903,arc-agi-2,all_evaluation
c7f57c3e,6225,26,6186,7415,129,7206,2,1,2080,arc-agi-2,all_evaluation
cb2d8a2c,8636,26,8597,10065,129,9856,4,2,3146,arc-agi-2,all_evaluation
cbebaa4b,9876,26,9837,11189,129,10980,2,2,3288,arc-agi-2,all_evaluation
d35bdbdc,2991,26,2952,4335,129,4126,3,3,900,arc-agi-2,all_evaluation
d59b0160,4625,26,4586,5859,129,5650,3,1,1792,arc-agi-2,all_evaluation
d8e07eb2,19400,26,19361,21073,129,20864,5,2,7920,arc-agi-2,all_evaluation
da515329,6793,26,6754,8051,129,7842,3,1,2444,arc-agi-2,all_evaluation
db0c5428,5461,26,5422,6707,129,6498,3,1,2171,arc-agi-2,all_evaluation
db695cfb,5507,26,5468,6863,129,6654,5,1,1919,arc-agi-2,all_evaluation
dbff022c,2369,26,2330,3553,129,3344,3,1,777,arc-agi-2,all_evaluation
dd6b8c4b,2966,26,2927,4241,129,4032,3,2,968,arc-agi-2,all_evaluation
de809cff,7309,26,7270,8511,129,8302,2,1,2500,arc-agi-2,all_evaluation
dfadab01,6193,26,6154,7503,129,7294,4,1,2400,arc-agi-2,all_evaluation
e12f9a14,12648,26,12609,14105,129,13896,4,2,4168,arc-agi-2,all_evaluation
e3721c99,15044,26,15005,16405,129,16196,2,2,5400,arc-agi-2,all_evaluation
e376de54,4625,26,4586,5859,129,5650,3,1,1792,arc-agi-2,all_evaluation
e8686506,1761,26,1722,2885,129,2676,2,1,628,arc-agi-2,all_evaluation
e87109e9,9515,26,9476,10807,129,10598,3,1,3888,arc-agi-2,all_evaluation
edb79dae,6329,26,6290,7515,129,7306,2,1,2477,arc-agi-2,all_evaluation
eee78d87,2817,26,2778,4011,129,3802,3,1,912,arc-agi-2,all_evaluation
f560132c,4031,26,3992,5189,129,4980,2,1,1640,arc-agi-2,all_evaluation
f931b4a8,2875,26,2836,4251,129,4042,5,2,1040,arc-agi-2,all_evaluation
faa9f03d,3433,26,3394,4703,129,4494,4,1,1296,arc-agi-2,all_evaluation
fc7cae8d,6186,26,6147,7433,129,7224,3,1,2583,arc-agi-2,all_evaluation
